,,Version : 3.1,,,,,,,,,,,,,,,,,,,,,
,,TAHUN (YYYY) : ,,,,,2026,,,,,,,,,,,,,,,,
,,,,,,,,,,,,,,,,,,,,,,,
,002,REGIONAL : ,,,,,Regional.2,,,,,,,,,,,,,,,,
,RegP2,,,,,,,,,,,,,,,,,,,,,,
,38,CABANG / TERMINAL : ,,,,,Banten,,,,,,,,,,,,,,,,
,,,,,,,,,,,,,,,,,,,,,,,
1,,"Kunjungan Kapal Berdasarkan Lokasi Sandar, Jenis Pelayaran dan Jenis Muatan Kapal",,,,,,,,,,,,,,,,,,,,,
,,,,,,,,,,,,,,,,,,,,,,,
,Bulan,,,,,,,,1,2,3,4,5,6,7,8,9,10,11,12,,,
,,,,,,,,,,,,,,,,,,,,,,,
,,No,Uraian,,,,,Satuan,2026,,,,,,,,,,,,,,
,,,,,,,,,,,,,,,,,,,,,,,
,,,,,,,,,Januari,Februari,Maret,April,Mei,Juni,Juli,Agustus,September,Oktober,November,Desember,Total,,
,,1,2,,,,,3,4,,,,,,,,,,,,5,,
,,,,,,,,,,,,,,,,,,,,,,,
,,1,DERMAGA UMUM,,,,,,,,,,,,,,,,,,,,
,,,1,Pelayaran Luar Negeri,,,,,,,,,,,,,,,,,,,
,,,,1,Kapal,,,,,,,,,,,,,,,,,,
,A010101010000,,,,1,General Cargo,,Call,4.00,8.00,12.00,10.00,7.00,,,,,,,,41.00,,95.00
,A010101010000,,,,,,,GT,"139,291.00","111,201.00","172,807.00","197,021.00","112,145.00",,,,,,,,"732,465.00",,"896,210.00"
,A010101020000,,,,2,Curah Cair BBM,,Call,1.00,4.00,3.00,5.00,6.00,,,,,,,,19.00,,317.00
,A010101020000,,,,,,,GT,"5,072.00","24,819.00","15,090.00","33,124.00","36,145.00",,,,,,,,"114,250.00",,"2,398,184.00"
,A010101030000,,,,3,Gas,,Call,,,,,,,,,,,,,0.00,,
,A010101030000,,,,,,,GT,,,,,,,,,,,,,0.00,,
,A010101040000,,,,4,Curah Cair Non - BBM,,Call,,,,,,,,,,,,,0.00,,
,A010101040000,,,,,,,GT,,,,,,,,,,,,,0.00,,
,A010101050000,,,,5,Curah Kering,,Call,3.00,9.00,8.00,9.00,7.00,,,,,,,,36.00,,196.00
,A010101050000,,,,,,,GT,"93,516.00","272,703.00","251,792.00","249,242.00","246,829.00",,,,,,,,"1,114,082.00",,"5,782,401.00"
,A010101060000,,,,6,Petikemas,,Call,,,,,,,,,,,,,0.00,,
,A010101060000,,,,,,,GT,,,,,,,,,,,,,0.00,,
,A010101070000,,,,7,Ro - ro,,Call,,,,,,,,,,,,,0.00,,
,A010101070000,,,,,,,GT,,,,,,,,,,,,,0.00,,
,A010101080000,,,,8,Hewan,,Call,,,,,,,,,,,,,0.00,,
,A010101080000,,,,,,,GT,,,,,,,,,,,,,0.00,,
,A010101090000,,,,9,Cruise (Penumpang Wisata Asing),,Call,,,,,,,,,,,,,0.00,,
,A010101090000,,,,,,,GT,,,,,,,,,,,,,0.00,,
,A010101100000,,,,10,Penumpang,,Call,,,,,,,,,,,,,0.00,,
,A010101100000,,,,,,,GT,,,,,,,,,,,,,0.00,,
,,,,,,,,,,,,,,,,,,,,,,,
,,,,2,Tug Boat dan Tongkang,,,,,,,,,,,,,,,,,,
,A010102010000,,,,1,General Cargo,,Call,,,,,,,,,,,,,0.00,,
,A010102010000,,,,,,,GT,,,,,,,,,,,,,0.00,,
,A010102020000,,,,2,Curah Cair BBM,,Call,,,,,,,,,,,,,0.00,,
,A010102020000,,,,,,,GT,,,,,,,,,,,,,0.00,,
,A010102030000,,,,3,Gas,,Call,,,,,,,,,,,,,0.00,,
,A010102030000,,,,,,,GT,,,,,,,,,,,,,0.00,,
,A010102040000,,,,4,Curah Cair Non - BBM,,Call,,,,,,,,,,,,,0.00,,
,A010102040000,,,,,,,GT,,,,,,,,,,,,,0.00,,
,A010102050000,,,,5,Curah Kering,,Call,,,,,,,,,,,,,0.00,,
,A010102050000,,,,,,,GT,,,,,,,,,,,,,0.00,,
,A010102060000,,,,6,Petikemas,,Call,,,,,,,,,,,,,0.00,,
,A010102060000,,,,,,,GT,,,,,,,,,,,,,0.00,,
,A010102070000,,,,7,Tug Boat tanpa tongkang,,Call,,,,,,,,,,,,,0.00,,
,A010102070000,,,,,,,GT,,,,,,,,,,,,,0.00,,
,A010102080000,,,,8,Jumlah Tug Boat dan Tongkang,,Call,,,2.00,,,,,,,,,,2.00,,
,A010102080000,,,,,(Jika data breakdown tidak tersedia),,GT,,,"4,153.00",,,,,,,,,,"4,153.00",,
,,,,,,,,,8.00,21.00,25.00,24.00,20.00,,,,,,0.00,0.00,98.00,,
,,,2,Pelayaran Dalam Negeri,,,,,"237,879.00","408,723.00","443,842.00","479,387.00","395,119.00",,,,,,0.00,0.00,"1,964,950.00",,
,,,,1,Kapal,,,,,,,,,,,,,,,,,,
,A010201010000,,,,1,General Cargo,,Call,6.00,14.00,7.00,10.00,17.00,,,,,,,,54.00,,
,A010201010000,,,,,,,GT,"16,919.00","34,602.00","25,305.00","35,601.00","51,318.00",,,,,,,,"163,745.00",,
,A010201020000,,,,2,Curah Cair BBM,,Call,7.00,7.00,9.00,6.00,7.00,,,,,,,,36.00,,
,A010201020000,,,,,,,GT,"31,895.00","25,279.00","26,872.00","21,523.00","25,717.00",,,,,,,,"131,286.00",,
,A010201030000,,,,3,Gas,,Call,,,0.00,0.00,0.00,,,,,,,,0.00,,
,A010201030000,,,,,,,GT,,,0.00,0.00,0.00,,,,,,,,0.00,,
,A010201040000,,,,4,Curah Cair Non - BBM,,Call,,,,,,,,,,,,,0.00,,
,A010201040000,,,,,,,GT,,,,,,,,,,,,,0.00,,
,A010201050000,,,,5,Curah Kering,,Call,2.00,3.00,3.00,3.00,7.00,,,,,,,,18.00,,
,A010201050000,,,,,,,GT,"9,716.00","11,910.00","11,588.00","11,498.00","30,124.00",,,,,,,,"74,836.00",,
,A010201060000,,,,6,Petikemas,,Call,,1.00,1.00,1.00,1.00,,,,,,,,4.00,,
,A010201060000,,,,,,,GT,,"11,512.00","11,512.00","11,512.00","11,512.00",,,,,,,,"46,048.00",,
,A010201070000,,,,7,Ro - ro,,Call,,,238.00,1.00,2.00,,,,,,,,241.00,,
,A010201070000,,,,,,,GT,,,"2,022,277.00","6,527.00","13,493.00",,,,,,,,"2,042,297.00",,
,A010201080000,,,,8,Hewan,,Call,,,,,,,,,,,,,0.00,,
,A010201080000,,,,,,,GT,,,,,,,,,,,,,0.00,,
,A010201090000,,,,9,Penumpang,,Call,,,,,,,,,,,,,0.00,,
,A010201090000,,,,,,,GT,,,,,,,,,,,,,0.00,,
,,,,,,,,,,,,,,,,,,,,,,,
,,,,2,Tug Boat dan Tongkang,,,,,,,,,,,,,,,,,,
,A010202010000,,,,1,General Cargo,,Call,,,,,,,,,,,,,0.00,,
,A010202010000,,,,,,,GT,,,,,,,,,,,,,0.00,,
,A010202020000,,,,2,Curah Cair BBM,,Call,,,,,,,,,,,,,0.00,,
,A010202020000,,,,,,,GT,,,,,,,,,,,,,0.00,,
,A010202030000,,,,3,Gas,,Call,,,,,,,,,,,,,0.00,,
,A010202030000,,,,,,,GT,,,,,,,,,,,,,0.00,,
,A010202040000,,,,4,Curah Cair Non - BBM,,Call,,,,,,,,,,,,,0.00,,
,A010202040000,,,,,,,GT,,,,,,,,,,,,,0.00,,
,A010202050000,,,,5,Curah Kering,,Call,,,,,,,,,,,,,0.00,,
,A010202050000,,,,,,,GT,,,,,,,,,,,,,0.00,,
,A010202060000,,,,6,Petikemas,,Call,,,,,,,,,,,,,0.00,,
,A010202060000,,,,,,,GT,,,,,,,,,,,,,0.00,,
,A010202070000,,,,7,Tug Boat tanpa tongkang,,Call,,,,,,,,,,,,,0.00,,
,A010202070000,,,,,,,GT,,,,,,,,,,,,,0.00,,
,A010202080000,,,,8,Jumlah Tug Boat dan Tongkang,,Call,46.00,73.00,46.00,82.00,68.00,,,,,,,,315.00,,
,A010202080000,,,,,(Jika data breakdown tidak tersedia),,GT,"81,878.00","124,538.00","81,912.00","139,760.00","123,445.00",,,,,,,,"551,533.00",,
,,,,,,,,,,,,,,,,,,,,,,,
,A010300000000,,3,Pelayaran Perintis,,,,Call,,,,,,,,,,,,,0.00,,
,A010300000000,,,,,,,GT,,,,,,,,,,,,,0.00,,
,,,,,,,,,,,,,,,,,,,,,,,
,A010400000000,,4,Pelayaran Rakyat,,,,Call,,,,,,,,,,,,,0.00,,
,A010400000000,,,,,,,GT,,,,,,,,,,,,,0.00,,
,,,,,,,,,61.00,97.00,356.00,186.00,171.00,,,,,,0.00,0.00,,,
,,,5,Pelayaran Lainnya,,,,,"140,408.00","196,329.00","2,268,171.00","366,641.00","381,798.00",,,,,,0.00,0.00,,,
,A010501000000,,,1,Kapal Negara,,,Call,,,,,,,,,,,,,0.00,,
,A010501000000,,,,,,,GT,,,,,,,,,,,,,0.00,,
,A010502000000,,,2,Kapal Survey,,,Call,,,,,,,,,,,,,0.00,,
,A010502000000,,,,,,,GT,,,,,,,,,,,,,0.00,,
,A010503000000,,,3,Kapal Utilitas / Suplai,,,Call,,,,,,,,,,,,,0.00,,
,A010503000000,,,,,,,GT,,,,,,,,,,,,,0.00,,
,A010504000000,,,4,Kapal Lainnya,,,Call,,,6.00,1.00,1.00,,,,,,,,8.00,,
,A010504000000,,,,,,,GT,,,"6,793.00",460.00,"2,744.00",,,,,,,,"9,997.00",,
,,,,,,,,,,,,,,,,,,,,,,,
,,,Jumlah kunjungan kapal di DERMAGA UMUM,,,,,Call,69.00,119.00,335.00,128.00,123.00,0.00,0.00,0.00,0.00,0.00,0.00,0.00,774.00,,
,,,,,,,,GT,"378,287.00","616,564.00","2,630,101.00","706,268.00","653,472.00",0.00,0.00,0.00,0.00,0.00,0.00,0.00,"4,984,692.00",,
,,,,,,,,,,,,,,,,,,,,,,,
,,2,REDE TRANSPORT / LOADING POINT / DOLPHIN / PINGGIRAN,,,,,,,,,,,,,,,,,,,,
,,,1,Pelayaran Luar Negeri,,,,,,,,,,,,,,,,,,,
,,,,1,Kapal,,,,,,,,,,,,,,,,,,
,A020101010000,,,,1,General Cargo,,Call,,,,,,,,,,,,,0.00,,
,A020101010000,,,,,,,GT,,,,,,,,,,,,,0.00,,
,A020101020000,,,,2,Curah Cair BBM,,Call,,,,,,,,,,,,,0.00,,
,A020101020000,,,,,,,GT,,,,,,,,,,,,,0.00,,
,A020101030000,,,,3,Gas,,Call,,,,,,,,,,,,,0.00,,
,A020101030000,,,,,,,GT,,,,,,,,,,,,,0.00,,
,A020101040000,,,,4,Curah Cair Non - BBM,,Call,,,,,,,,,,,,,0.00,,
,A020101040000,,,,,,,GT,,,,,,,,,,,,,0.00,,
,A020101050000,,,,5,Curah Kering,,Call,,,,,,,,,,,,,0.00,,
,A020101050000,,,,,,,GT,,,,,,,,,,,,,0.00,,
,A020101060000,,,,6,Petikemas,,Call,,,,,,,,,,,,,0.00,,
,A020101060000,,,,,,,GT,,,,,,,,,,,,,0.00,,
,A020101070000,,,,7,Ro - ro,,Call,,,,,,,,,,,,,0.00,,
,A020101070000,,,,,,,GT,,,,,,,,,,,,,0.00,,
,A020101080000,,,,8,Tug Boat dan atau Tongkang,,Call,,,,,,,,,,,,,0.00,,
,A020101080000,,,,,,,GT,,,,,,,,,,,,,0.00,,
,A020101090000,,,,9,Kapal Lainnya,,Call,,,,,,,,,,,,,0.00,,
,A020101090000,,,,,,,GT,,,,,,,,,,,,,0.00,,
,,,2,Pelayaran Dalam Negeri,,,,,,,,,,,,,,,,,,,
,,,,1,Kapal,,,,,,,,,,,,,,,,,,
,A020201010000,,,,1,General Cargo,,Call,,,,,,,,,,,,,0.00,,
,A020201010000,,,,,,,GT,,,,,,,,,,,,,0.00,,
,A020201020000,,,,2,Curah Cair BBM,,Call,,,,,,,,,,,,,0.00,,
,A020201020000,,,,,,,GT,,,,,,,,,,,,,0.00,,
,A020201030000,,,,3,Gas,,Call,,,,,,,,,,,,,0.00,,
,A020201030000,,,,,,,GT,,,,,,,,,,,,,0.00,,
,A020201040000,,,,4,Curah Cair Non - BBM,,Call,,,,,,,,,,,,,0.00,,
,A020201040000,,,,,,,GT,,,,,,,,,,,,,0.00,,
,A020201050000,,,,5,Curah Kering,,Call,,,,,,,,,,,,,0.00,,
,A020201050000,,,,,,,GT,,,,,,,,,,,,,0.00,,
,A020201060000,,,,6,Petikemas,,Call,,,,,,,,,,,,,0.00,,
,A020201060000,,,,,,,GT,,,,,,,,,,,,,0.00,,
,A020201070000,,,,7,Ro - ro,,Call,,,,,,,,,,,,,0.00,,
,A020201070000,,,,,,,GT,,,,,,,,,,,,,0.00,,
,A020201080000,,,,8,Tug Boat dan atau Tongkang,,Call,,,,,,,,,,,,,0.00,,
,A020201080000,,,,,,,GT,,,,,,,,,,,,,0.00,,
,A020201090000,,,,9,Kapal Lainnya,,Call,,,,,,,,,,,,,0.00,,
,A020201090000,,,,,,,GT,,,,,,,,,,,,,0.00,,
,,,,,,,,,,,,,,,,,,,,,,,
,,,Jumlah kunjungan kapal di REDE TRANSPORT / LOADING POINT / DOLPHIN / PINGGIRAN,,,,,Call,0.00,0.00,0.00,0.00,0.00,0.00,0.00,0.00,0.00,0.00,0.00,0.00,0.00,,
,,,,,,,,GT,0.00,0.00,0.00,0.00,0.00,0.00,0.00,0.00,0.00,0.00,0.00,0.00,0.00,,
,,,,,,,,,,,,,,,,,,,,,,,
,,3,TUKS / TERMINAL KHUSUS / UPP / BUP LAIN / PELABUHAN KHUSUS,,,,,,,,,,,,,,,,,,,,
,,,1,Pelayaran Luar Negeri,,,,,,,,,,,,,,,,,,,
,,,,1,Kapal,,,,,,,,,,,,,,,,,,
,A030101010000,,,,1,General Cargo,,Call,,,,,,,,,,,,,0.00,,
,A030101010000,,,,,,,GT,,,,,,,,,,,,,0.00,,
,A030101020000,,,,2,Curah Cair BBM,,Call,11.00,19.00,13.00,11.00,16.00,,,,,,,,70.00,,
,A030101020000,,,,,,,GT,"287,597.00","356,298.00","286,600.00","258,250.00","416,164.00",,,,,,,,"1,604,909.00",,
,A030101030000,,,,3,Gas,,Call,15.00,12.00,20.00,11.00,20.00,,,,,,,,78.00,,
,A030101030000,,,,,,,GT,"358,895.00","343,586.00","433,765.00","323,756.00","474,495.00",,,,,,,,"1,934,497.00",,
,A030101040000,,,,4,Curah Cair Non - BBM,,Call,16.00,23.00,22.00,17.00,20.00,,,,,,,,98.00,,
,A030101040000,,,,,,,GT,"128,975.00","198,191.00","177,563.00","90,344.00","139,096.00",,,,,,,,"734,169.00",,
,A030101050000,,,,5,Curah Kering,,Call,,,,1.00,,,,,,,,,1.00,,
,A030101050000,,,,,,,GT,,,,"34,986.00",,,,,,,,,"34,986.00",,
,A030101060000,,,,6,Petikemas,,Call,,,,,,,,,,,,,0.00,,
,A030101060000,,,,,,,GT,,,,,,,,,,,,,0.00,,
,A030101070000,,,,7,Ro - ro,,Call,,,,,,,,,,,,,0.00,,
,A030101070000,,,,,,,GT,,,,,,,,,,,,,0.00,,
,A030101080000,,,,8,Tug Boat dan atau Tongkang,,Call,,,,,,,,,,,,,0.00,,
,A030101080000,,,,,,,GT,,,,,,,,,,,,,0.00,,
,A030101090000,,,,9,Kapal Lainnya,,Call,,,,,,,,,,,,,0.00,,
,A030101090000,,,,,,,GT,,,,,,,,,,,,,0.00,,
,,,2,Pelayaran Dalam Negeri,,,,,42.00,54.00,55.00,40.00,56.00,,,,,,0.00,0.00,,,
,,,,1,Kapal,,,,"775,467.00","898,075.00","897,928.00","707,336.00","1,029,755.00",,,,,,0.00,0.00,,,
,A030201010000,,,,1,General Cargo,,Call,,,,1.00,1.00,,,,,,,,2.00,,
,A030201010000,,,,,,,GT,,,,"39,737.00","39,737.00",,,,,,,,"79,474.00",,
,A030201020000,,,,2,Curah Cair BBM,,Call,55.00,42.00,57.00,61.00,47.00,,,,,,,,262.00,,
,A030201020000,,,,,,,GT,"443,900.00","316,905.00","483,500.00","479,884.00","428,459.00",,,,,,,,"2,152,648.00",,
,A030201030000,,,,3,Gas,,Call,46.00,53.00,56.00,47.00,52.00,,,,,,,,254.00,,
,A030201030000,,,,,,,GT,"313,486.00","392,102.00","433,192.00","336,031.00","400,779.00",,,,,,,,"1,875,590.00",,
,A030201040000,,,,4,Curah Cair Non - BBM,,Call,13.00,11.00,13.00,13.00,15.00,,,,,,,,65.00,,
,A030201040000,,,,,,,GT,"56,800.00","50,700.00","56,700.00","53,092.00","63,806.00",,,,,,,,"281,098.00",,
,A030201050000,,,,5,Curah Kering,,Call,33.00,34.00,26.00,27.00,22.00,,,,,,,,142.00,,
,A030201050000,,,,,,,GT,"1,934,606.00","911,059.00","564,855.00","673,395.00","509,568.00",,,,,,,,"4,593,483.00",,
,A030201060000,,,,6,Petikemas,,Call,,,,0.00,,,,,,,,,0.00,,
,A030201060000,,,,,,,GT,,,,0.00,,,,,,,,,0.00,,
,A030201070000,,,,7,Ro - ro,,Call,,,,0.00,,,,,,,,,0.00,,
,A030201070000,,,,,,,GT,,,,0.00,,,,,,,,,0.00,,
,A030201080000,,,,8,Tug Boat dan atau Tongkang,,Call,67.00,72.00,80.00,84.00,99.00,,,,,,,,402.00,,
,A030201080000,,,,,,,GT,"170,669.00","138,361.00","168,021.00","148,690.00","163,908.00",,,,,,,,"789,649.00",,
,A030201090000,,,,9,Kapal Lainnya,,Call,,,,0.00,,,,,,,,,0.00,,
,A030201090000,,,,,,,GT,,,,0.00,,,,,,,,,0.00,,
,,,,,,,,,,,,,,,,,,,,,,,
,,,Jumlah kunjungan kapal di TUKS / TERMINAL KHUSUS / UPP / BUP LAIN / PELABUHAN KHUSUS,,,,,Call,256.00,266.00,287.00,273.00,292.00,0.00,0.00,0.00,0.00,0.00,0.00,0.00,"1,374.00",,
,,,,,,,,GT,"3,694,928.00","2,707,202.00","2,604,196.00","2,438,165.00","2,636,012.00",0.00,0.00,0.00,0.00,0.00,0.00,0.00,"14,080,503.00",,
,,,,,,,,,214.00,212.00,232.00,233.00,236.00,0.00,0.00,0.00,0.00,0.00,0.00,0.00,,,
,,5,LOADING POINT (DI LUAR DLKR),,,,,,"2,919,461.00","1,809,127.00","1,706,268.00","1,730,829.00","1,606,257.00",0.00,0.00,0.00,0.00,0.00,0.00,0.00,,,
,,,1,Pelayaran Luar Negeri,,,,,,,,,,,,,,,,,,,
,,,,1,Kapal,,,,,,,,,,,,,,,,,,
,A050101010000,,,,1,General Cargo,,Call,,,,,,,,,,,,,0.00,,
,A050101010000,,,,,,,GT,,,,,,,,,,,,,0.00,,
,A050101020000,,,,2,Curah Cair BBM,,Call,,,,,,,,,,,,,0.00,,
,A050101020000,,,,,,,GT,,,,,,,,,,,,,0.00,,
,A050101030000,,,,3,Gas,,Call,,,,,,,,,,,,,0.00,,
,A050101030000,,,,,,,GT,,,,,,,,,,,,,0.00,,
,A050101040000,,,,4,Curah Cair Non - BBM,,Call,,,,,,,,,,,,,0.00,,
,A050101040000,,,,,,,GT,,,,,,,,,,,,,0.00,,
,A050101050000,,,,5,Curah Kering,,Call,,,,,,,,,,,,,0.00,,
,A050101050000,,,,,,,GT,,,,,,,,,,,,,0.00,,
,A050101060000,,,,6,Petikemas,,Call,,,,,,,,,,,,,0.00,,
,A050101060000,,,,,,,GT,,,,,,,,,,,,,0.00,,
,A050101070000,,,,7,Ro - ro,,Call,,,,,,,,,,,,,0.00,,
,A050101070000,,,,,,,GT,,,,,,,,,,,,,0.00,,
,A050101080000,,,,8,Tug Boat dan atau Tongkang,,Call,,,,,,,,,,,,,0.00,,
,A050101080000,,,,,,,GT,,,,,,,,,,,,,0.00,,
,A050101090000,,,,9,Kapal Lainnya,,Call,,,,,,,,,,,,,0.00,,
,A050101090000,,,,,,,GT,,,,,,,,,,,,,0.00,,
,,,2,Pelayaran Dalam Negeri,,,,,,,,,,,,,,,,,,,
,,,,1,Kapal,,,,,,,,,,,,,,,,,,
,A050201010000,,,,1,General Cargo,,Call,,,,,,,,,,,,,0.00,,
,A050201010000,,,,,,,GT,,,,,,,,,,,,,0.00,,
,A050201020000,,,,2,Curah Cair BBM,,Call,,,,,,,,,,,,,0.00,,
,A050201020000,,,,,,,GT,,,,,,,,,,,,,0.00,,
,A050201030000,,,,3,Gas,,Call,,,,,,,,,,,,,0.00,,
,A050201030000,,,,,,,GT,,,,,,,,,,,,,0.00,,
,A050201040000,,,,4,Curah Cair Non - BBM,,Call,,,,,,,,,,,,,0.00,,
,A050201040000,,,,,,,GT,,,,,,,,,,,,,0.00,,
,A050201050000,,,,5,Curah Kering,,Call,,,,,,,,,,,,,0.00,,
,A050201050000,,,,,,,GT,,,,,,,,,,,,,0.00,,
,A050201060000,,,,6,Petikemas,,Call,,,,,,,,,,,,,0.00,,
,A050201060000,,,,,,,GT,,,,,,,,,,,,,0.00,,
,A050201070000,,,,7,Ro - ro,,Call,,,,,,,,,,,,,0.00,,
,A050201070000,,,,,,,GT,,,,,,,,,,,,,0.00,,
,A050201080000,,,,8,Tug Boat dan atau Tongkang,,Call,,,,,,,,,,,,,0.00,,
,A050201080000,,,,,,,GT,,,,,,,,,,,,,0.00,,
,A050201090000,,,,9,Kapal Lainnya,,Call,,,,,,,,,,,,,0.00,,
,A050201090000,,,,,,,GT,,,,,,,,,,,,,0.00,,
,,,,,,,,,,,,,,,,,,,,,,,
,,,Jumlah kunjungan kapal di LOADING POINT (DI LUAR DLKR),,,,,Call,0.00,0.00,0.00,0.00,0.00,0.00,0.00,0.00,0.00,0.00,0.00,0.00,0.00,,
,,,,,,,,GT,0.00,0.00,0.00,0.00,0.00,0.00,0.00,0.00,0.00,0.00,0.00,0.00,0.00,,
,,,,,,,,,,,,,,,,,,,,,,,
,,Jumlah kunjungan kapal,,,,,,Call,325.00,385.00,622.00,401.00,415.00,0.00,0.00,0.00,0.00,0.00,0.00,0.00,"2,148.00",,
,,,,,,,,GT,"4,073,215.00","3,323,766.00","5,234,297.00","3,144,433.00","3,289,484.00",0.00,0.00,0.00,0.00,0.00,0.00,0.00,"19,065,195.00",,
,,,,,,,,,,,,,,,,,,,,,,,
2,,Arus Petikemas,,,,,,,,,,,,,,,,,,,,,
,,,,,,,,,,,,,,,,,,,,,,,
,,No,Uraian,,,,,Satuan,2026,,,,,,,,,,,,,,
,,,,,,,,,,,,,,,,,,,,,,,
,,,,,,,,,Januari,Februari,Maret,April,Mei,Juni,Juli,Agustus,September,Oktober,November,Desember,Total,,
,,1,2,,,,,3,4,,,,,,,,,,,,5,,
,,,,,,,,,,,,,,,,,,,,,,,
,,1,LUAR NEGERI,,,,,,,,,,,,,,,,,,,,
,,,1,Impor,,,,,,,,,,,,,,,,,,,
,,,,1,Full,,,,,,,,,,,,,,,,,,
,,,,,1,Dry,,,,,,,,,,,,,,,,,
,B010101010100,,,,,1,20,Box,,,,,,,,,,,,,0.00,,
,B010101010200,,,,,2,40,Box,,,,,,,,,,,,,0.00,,
,B010101010300,,,,,3,45,Box,,,,,,,,,,,,,0.00,,
,B010101010400,,,,,4,20 OH / OW / OL,Box,,,,,,,,,,,,,0.00,,
,B010101010500,,,,,5,40 OH / OW / OL,Box,,,,,,,,,,,,,0.00,,
,,,,,,,,,,,,,,,,,,,,,,,
,,,,,2,Reefer,,,,,,,,,,,,,,,,,
,B010101020100,,,,,1,20,Box,,,,,,,,,,,,,0.00,,
,B010101020200,,,,,2,40,Box,,,,,,,,,,,,,0.00,,
,B010101020300,,,,,3,45,Box,,,,,,,,,,,,,0.00,,
,,,,,,,,,,,,,,,,,,,,,,,
,,,,,3,Dangerous Good,,,,,,,,,,,,,,,,,
,B010101030100,,,,,1,20,Box,,,,,,,,,,,,,0.00,,
,B010101030200,,,,,2,40,Box,,,,,,,,,,,,,0.00,,
,B010101030300,,,,,3,45,Box,,,,,,,,,,,,,0.00,,
,,,,,,,,,,,,,,,,,,,,,,,
,B010101040000,,,,4,Uncontainerized,,Unit,,,,,,,,,,,,,0.00,,
,,,,,,,,,,,,,,,,,,,,,,,
,,,,2,Empty,,,,,,,,,,,,,,,,,,
,B010102010100,,,,,1,20,Box,,,,,,,,,,,,,0.00,,
,B010102010200,,,,,2,40,Box,,,,,,,,,,,,,0.00,,
,B010102010300,,,,,3,45,Box,,,,,,,,,,,,,0.00,,
,,,,,,,,,,,,,,,,,,,,,,,
,,,2,Ekspor,,,,,,,,,,,,,,,,,,,
,,,,1,Full,,,,,,,,,,,,,,,,,,
,,,,,1,Dry,,,,,,,,,,,,,,,,,
,B010201010100,,,,,1,20,Box,,,,,,,,,,,,,0.00,,
,B010201010200,,,,,2,40,Box,,,,,,,,,,,,,0.00,,
,B010201010300,,,,,3,45,Box,,,,,,,,,,,,,0.00,,
,B010201010400,,,,,4,20 OH / OW / OL,Box,,,,,,,,,,,,,0.00,,
,B010201010500,,,,,5,40 OH / OW / OL,Box,,,,,,,,,,,,,0.00,,
,,,,,,,,,,,,,,,,,,,,,,,
,,,,,2,Reefer,,,,,,,,,,,,,,,,,
,B010201020100,,,,,1,20,Box,,,,,,,,,,,,,0.00,,
,B010201020200,,,,,2,40,Box,,,,,,,,,,,,,0.00,,
,B010201020300,,,,,3,45,Box,,,,,,,,,,,,,0.00,,
,,,,,,,,,,,,,,,,,,,,,,,
,,,,,3,Dangerous Good,,,,,,,,,,,,,,,,,
,B010201030100,,,,,1,20,Box,,,,,,,,,,,,,0.00,,
,B010201030200,,,,,2,40,Box,,,,,,,,,,,,,0.00,,
,B010201030300,,,,,3,45,Box,,,,,,,,,,,,,0.00,,
,,,,,,,,,,,,,,,,,,,,,,,
,B010201040000,,,,4,Uncontainerized,,Unit,,,,,,,,,,,,,0.00,,
,,,,,,,,,,,,,,,,,,,,,,,
,,,,2,Empty,,,,,,,,,,,,,,,,,,
,B010202010100,,,,,1,20,Box,,,,,,,,,,,,,0.00,,
,B010202010200,,,,,2,40,Box,,,,,,,,,,,,,0.00,,
,B010202010300,,,,,3,45,Box,,,,,,,,,,,,,0.00,,
,,,,,,,,,,,,,,,,,,,,,,,
,,,3,Transhipment,,,,,,,,,,,,,,,,,,,
,,,,1,Full,,,,,,,,,,,,,,,,,,
,,,,,1,Dry,,,,,,,,,,,,,,,,,
,B010301010100,,,,,1,20,Box,,,,,,,,,,,,,0.00,,
,B010301010200,,,,,2,40,Box,,,,,,,,,,,,,0.00,,
,B010301010300,,,,,3,45,Box,,,,,,,,,,,,,0.00,,
,B010301010400,,,,,4,20 OH / OW / OL,Box,,,,,,,,,,,,,0.00,,
,B010301010500,,,,,5,40 OH / OW / OL,Box,,,,,,,,,,,,,0.00,,
,,,,,,,,,,,,,,,,,,,,,,,
,,,,,2,Reefer,,,,,,,,,,,,,,,,,
,B010301020100,,,,,1,20,Box,,,,,,,,,,,,,0.00,,
,B010301020200,,,,,2,40,Box,,,,,,,,,,,,,0.00,,
,B010301020300,,,,,3,45,Box,,,,,,,,,,,,,0.00,,
,,,,,,,,,,,,,,,,,,,,,,,
,,,,,3,Dangerous Good,,,,,,,,,,,,,,,,,
,B010301030100,,,,,1,20,Box,,,,,,,,,,,,,0.00,,
,B010301030200,,,,,2,40,Box,,,,,,,,,,,,,0.00,,
,B010301030300,,,,,3,45,Box,,,,,,,,,,,,,0.00,,
,,,,,,,,,,,,,,,,,,,,,,,
,B010301040000,,,,4,Uncontainerized,,Unit,,,,,,,,,,,,,0.00,,
,,,,,,,,,,,,,,,,,,,,,,,
,,,,2,Empty,,,,,,,,,,,,,,,,,,
,B010302010100,,,,,1,20,Box,,,,,,,,,,,,,0.00,,
,B010302010200,,,,,2,40,Box,,,,,,,,,,,,,0.00,,
,B010302010300,,,,,3,45,Box,,,,,,,,,,,,,0.00,,
,,,,,,,,,,,,,,,,,,,,,,,
,,,Jumlah Petikemas Luar Negeri,,,,,Box,0.00,0.00,0.00,0.00,0.00,0.00,0.00,0.00,0.00,0.00,0.00,0.00,0.00,,
,,,,,,,,Teus,0.00,0.00,0.00,0.00,0.00,0.00,0.00,0.00,0.00,0.00,0.00,0.00,0.00,,
,,,,,,,,,,,,,,,,,,,,,,,
,,2,DALAM NEGERI,,,,,,,,,,,,,,,,,,,,
,,,1,Bongkar,,,,,,,,,,,,,,,,,,,
,,,,1,Full,,,,,,,,,,,,,,,,,,
,,,,,1,Dry,,,,,,,,,,,,,,,,,
,B020101010100,,,,,1,20,Box,,,,,,,,,,,,,0.00,,
,B020101010200,,,,,2,40,Box,,,,,,,,,,,,,0.00,,
,B020101010300,,,,,3,45,Box,,,,,,,,,,,,,0.00,,
,B020101010400,,,,,4,20 OH / OW / OL,Box,,,,,,,,,,,,,0.00,,
,B020101010500,,,,,5,40 OH / OW / OL,Box,,,,,,,,,,,,,0.00,,
,,,,,,,,,,,,,,,,,,,,,,,
,,,,,2,Reefer,,,,,,,,,,,,,,,,,
,B020101020100,,,,,1,20,Box,,,,,,,,,,,,,0.00,,
,B020101020200,,,,,2,40,Box,,,,,,,,,,,,,0.00,,
,B020101020300,,,,,3,45,Box,,,,,,,,,,,,,0.00,,
,,,,,,,,,,,,,,,,,,,,,,,
,,,,,3,Dangerous Good,,,,,,,,,,,,,,,,,
,B020101030100,,,,,1,20,Box,,,,,,,,,,,,,0.00,,
,B020101030200,,,,,2,40,Box,,,,,,,,,,,,,0.00,,
,B020101030300,,,,,3,45,Box,,,,,,,,,,,,,0.00,,
,,,,,,,,,,,,,,,,,,,,,,,
,B020101040000,,,,4,Uncontainerized,,Unit,,,,,,,,,,,,,0.00,,
,,,,,,,,,,,,,,,,,,,,,,,
,,,,2,Empty,,,,,,,,,,,,,,,,,,
,B020102010100,,,,,1,20,Box,,,,,,,,,,,,,0.00,,
,B020102010200,,,,,2,40,Box,,,,,,,,,,,,,0.00,,
,B020102010300,,,,,3,45,Box,,,,,,,,,,,,,0.00,,
,,,,,,,,,,,,,,,,,,,,,,,
,,,2,Muat,,,,,,,,,,,,,,,,,,,
,,,,1,Full,,,,,,,,,,,,,,,,,,
,,,,,1,Dry,,,,,,,,,,,,,,,,,
,B020201010100,,,,,1,20,Box,,,,,,,,,,,,,0.00,,
,B020201010200,,,,,2,40,Box,,,,,,,,,,,,,0.00,,
,B020201010300,,,,,3,45,Box,,,,,,,,,,,,,0.00,,
,B020201010400,,,,,4,20 OH / OW / OL,Box,,,,,,,,,,,,,0.00,,
,B020201010500,,,,,5,40 OH / OW / OL,Box,,,,,,,,,,,,,0.00,,
,,,,,,,,,,,,,,,,,,,,,,,
,,,,,2,Reefer,,,,,,,,,,,,,,,,,
,B020201020100,,,,,1,20,Box,,,,,,,,,,,,,0.00,,
,B020201020200,,,,,2,40,Box,,,,,,,,,,,,,0.00,,
,B020201020300,,,,,3,45,Box,,,,,,,,,,,,,0.00,,
,,,,,,,,,,,,,,,,,,,,,,,
,,,,,3,Dangerous Good,,,,,,,,,,,,,,,,,
,B020201030100,,,,,1,20,Box,,,,,,,,,,,,,0.00,,
,B020201030200,,,,,2,40,Box,,,,,,,,,,,,,0.00,,
,B020201030300,,,,,3,45,Box,,,,,,,,,,,,,0.00,,
,,,,,,,,,,,,,,,,,,,,,,,
,B020201040000,,,,4,Uncontainerized,,Unit,,,,,,,,,,,,,0.00,,
,,,,,,,,,,,,,,,,,,,,,,,
,,,,2,Empty,,,,,,,,,,,,,,,,,,
,B020202010100,,,,,1,20,Box,,,,,,,,,,,,,0.00,,
,B020202010200,,,,,2,40,Box,,,,,,,,,,,,,0.00,,
,B020202010300,,,,,3,45,Box,,,,,,,,,,,,,0.00,,
,,,,,,,,,,,,,,,,,,,,,,,
,,,3,Transhipment,,,,,,,,,,,,,,,,,,,
,,,,1,Full,,,,,,,,,,,,,,,,,,
,,,,,1,Dry,,,,,,,,,,,,,,,,,
,B020301010100,,,,,1,20,Box,,,,,,,,,,,,,0.00,,
,B020301010200,,,,,2,40,Box,,,,,,,,,,,,,0.00,,
,B020301010300,,,,,3,45,Box,,,,,,,,,,,,,0.00,,
,B020301010400,,,,,4,20 OH / OW / OL,Box,,,,,,,,,,,,,0.00,,
,B020301010500,,,,,5,40 OH / OW / OL,Box,,,,,,,,,,,,,0.00,,
,,,,,,,,,,,,,,,,,,,,,,,
,,,,,2,Reefer,,,,,,,,,,,,,,,,,
,B020301020100,,,,,1,20,Box,,,,,,,,,,,,,0.00,,
,B020301020200,,,,,2,40,Box,,,,,,,,,,,,,0.00,,
,B020301020300,,,,,3,45,Box,,,,,,,,,,,,,0.00,,
,,,,,,,,,,,,,,,,,,,,,,,
,,,,,3,Dangerous Good,,,,,,,,,,,,,,,,,
,B020301030100,,,,,1,20,Box,,,,,,,,,,,,,0.00,,
,B020301030200,,,,,2,40,Box,,,,,,,,,,,,,0.00,,
,B020301030300,,,,,3,45,Box,,,,,,,,,,,,,0.00,,
,,,,,,,,,,,,,,,,,,,,,,,
,B020301040000,,,,4,Uncontainerized,,Unit,,,,,,,,,,,,,0.00,,
,,,,,,,,,,,,,,,,,,,,,,,
,,,,2,Empty,,,,,,,,,,,,,,,,,,
,B020302010100,,,,,1,20,Box,,,,,,,,,,,,,0.00,,
,B020302010200,,,,,2,40,Box,,,,,,,,,,,,,0.00,,
,B020302010300,,,,,3,45,Box,,,,,,,,,,,,,0.00,,
,,,,,,,,,,,,,,,,,,,,,,,
,,,Jumlah Petikemas Dalam Negeri,,,,,Box,0.00,0.00,0.00,0.00,0.00,0.00,0.00,0.00,0.00,0.00,0.00,0.00,0.00,,
,,,,,,,,Teus,0.00,0.00,0.00,0.00,0.00,0.00,0.00,0.00,0.00,0.00,0.00,0.00,0.00,,
,,,,,,,,,,,,,,,,,,,,,,,
,,Jumlah Arus Petikemas,,,,,,Box,0.00,0.00,0.00,0.00,0.00,0.00,0.00,0.00,0.00,0.00,0.00,0.00,0.00,,
,,,,,,,,Teus,0.00,0.00,0.00,0.00,0.00,0.00,0.00,0.00,0.00,0.00,0.00,0.00,0.00,,
,,,,,,,,,,,,,,,,,,,,,,,
3,,Arus Barang Nonpetikemas (Dermaga Umum),,,,,,,,,,,,,,,,,,,,,
,,,,,,,,,,,,,,,,,,,,,,,
,,No,Uraian,,,,,Satuan,2026,,,,,,,,,,,,,,
,,,,,,,,,,,,,,,,,,,,,,,
,,,,,,,,,Januari,Februari,Maret,April,Mei,Juni,Juli,Agustus,September,Oktober,November,Desember,Total,,
,,1,2,,,,,3,4,,,,,,,,,,,,5,,
,,,,,,,,,,,,,,,,,,,,,,,
,,1,LUAR NEGERI,,,,,,,,,,,,,,,,,,,,
,,,1,Impor,,,,,,,,,,,,,,,,,,,
,D010101000000,,,1,General Cargo,,,Ton,"30,154.00","77,246.27","50,277.00","129,309.00","80,748.83",,,,,,,,"367,735.10",,
,D010101000000,,,,,,,M3,0.00,"7,809.00","27,000.00",0.00,0.00,,,,,,,,"34,809.00",,
,D010102000000,,,2,Bag Cargo,,,Ton,0.00,0.00,0.00,0.00,0.00,,,,,,,,0.00,,
,D010103000000,,,3,Curah Cair,,,Ton,"17,248.00","5,369.00","16,040.00","16,424.00","21,428.00",,,,,,,,"76,509.00",,
,D010104000000,,,4,Curah Kering,,,Ton,"54,407.00","209,818.00","130,312.00","57,093.00","160,728",,,,,,,,"612,358.00",,
,D010105000000,,,5,Gas,,,Ton,,,,,,,,,,,,,0.00,,
,D010105000000,,,,,,,MMBTU,,,,,,,,,,,,,0.00,,
,D010106000000,,,6,Kendaraan,,,Ton,,,,,,,,,,,,,0.00,,
,D010106000000,,,,,,,Unit,,,,,,,,,,,,,0.00,,
,D010107000000,,,7,Hewan,,,Ton,,,,,,,,,,,,,0.00,,
,D010107000000,,,,,,,Ekor,,,,,,,,,,,,,0.00,,
,,,,,,,,,,,,,,,,,,,,,,,
,,,2,Ekspor,,,,,,,,,,,,,,,,,,x,
,D010201000000,,,1,General Cargo,,,Ton,,0.00,0.00,,"2,365.00",,,,,,,,"2,365.00",,
,D010201000000,,,,,,,M3,"61,865.00","14,554.00","61,134.00",,"14,772.00",,,,,,,,"152,325.00",,
,D010202000000,,,2,Bag Cargo,,,Ton,,0.00,0.00,,0.00,,,,,,,,0.00,,
,D010203000000,,,3,Curah Cair,,,Ton,,0.00,0.00,,0.00,,,,,,,,0.00,,
,D010204000000,,,4,Curah Kering,,,Ton,,"13,300.00",0.00,,0.00,,,,,,,,"13,300.00",,
,D010205000000,,,5,Gas,,,Ton,,,,,,,,,,,,,0.00,,
,D010205000000,,,,,,,MMBTU,,,,,,,,,,,,,0.00,,
,D010206000000,,,6,Kendaraan,,,Ton,,,,,,,,,,,,,0.00,,
,D010206000000,,,,,,,Unit,,,,,,,,,,,,,0.00,,
,D010207000000,,,7,Hewan,,,Ton,,,,,,,,,,,,,0.00,,
,D010207000000,,,,,,,Ekor,,,,,,,,,,,,,0.00,,
,,,,,,,,,,,,,,,,,,,,,,,
,,,Jumlah Barang Luar Negeri,,,,,Ton,"101,809.00","305,733.27","196,629.00","202,826.00","265,269.83",0.00,0.00,0.00,0.00,0.00,0.00,0.00,"1,072,267.10",,
,,,,,,,,M3,"61,865.00","22,363.00","88,134.00",0.00,"14,772.00",0.00,0.00,0.00,0.00,0.00,0.00,0.00,"187,134.00",,
,,,,,,,,MMBTU,0.00,0.00,0.00,0.00,0.00,0.00,0.00,0.00,0.00,0.00,0.00,0.00,0.00,,
,,,,,,,,Unit,0.00,0.00,0.00,0.00,0.00,0.00,0.00,0.00,0.00,0.00,0.00,0.00,0.00,,
,,,,,,,,Ekor,0.00,0.00,0.00,0.00,0.00,0.00,0.00,0.00,0.00,0.00,0.00,0.00,0.00,,
,,,,,,,,,,,,,,,,,,,,,,,
,,2,DALAM NEGERI,,,,,,,,,,,,,,,,,,,,
,,,1,Bongkar,,,,,,,,,,,,,,,,,,,
,D020101000000,,,1,General Cargo,,,Ton,,0.00,0.00,"3,286.00","4,160.00",,,,,,,,"7,446.00",,
,D020101000000,,,,,,,M3,,939.00,0.00,0.00,0.00,,,,,,,,939.00,,
,D020102000000,,,2,Bag Cargo,,,Ton,,"3,358.00",0.00,"2,076.00",0.00,,,,,,,,"5,434.00",,
,D020103000000,,,3,Curah Cair,,,Ton,"29,105.00","21,460.00","34,378.00","24,415.00","24,461.00",,,,,,,,"133,819.00",,
,D020104000000,,,4,Curah Kering,,,Ton,"64,162.80","39,326.48","40,519.00","76,223.13","94,862.00",,,,,,,,"315,093.41",,
,D020105000000,,,5,Gas,,,Ton,,,,,,,,,,,,,0.00,,
,D020105000000,,,,,,,MMBTU,,,,,,,,,,,,,0.00,,
,D020106000000,,,6,Kendaraan,,,Ton,,,,,,,,,,,,,0.00,,
,D020106000000,,,,,,,Unit,,,,,,,,,,,,,0.00,,
,D020107000000,,,7,Hewan,,,Ton,,,,,,,,,,,,,0.00,,
,D020107000000,,,,,,,Ekor,,,,,,,,,,,,,0.00,,
,,,,,,,,,,,,,,,,,,,,,,,
,,,2,Muat,,,,,,,,,,,,,,,,,,,
,D020201000000,,,1,General Cargo,,,Ton,"1,019.00",0.00,0.00,"3,627.00","7,090.00",,,,,,,,"11,736.00",,
,D020201000000,,,,,,,M3,911.00,374.00,672.00,"1,464.00",0.00,,,,,,,,"3,421.00",,
,D020202000000,,,2,Bag Cargo,,,Ton,"1,025.00","1,025.00","3,751.00","1,727.00","2,145.00",,,,,,,,"9,673.00",,
,D020203000000,,,3,Curah Cair,,,Ton,697.00,0.00,376.00,417.00,0.00,,,,,,,,"1,490.00",,
,D020204000000,,,4,Curah Kering,,,Ton,"35,570.00","36,653.00","7,193.00","15,224.00","7,470.00",,,,,,,,"102,110.00",,
,D020205000000,,,5,Gas,,,Ton,,,,,,,,,,,,,0.00,,
,D020205000000,,,,,,,MMBTU,,,,,,,,,,,,,0.00,,
,D020206000000,,,6,Kendaraan,,,Ton,,,,,,,,,,,,,0.00,,
,D020206000000,,,,,,,Unit,,,,,,,,,,,,,0.00,,
,D020207000000,,,7,Hewan,,,Ton,,,,,,,,,,,,,0.00,,
,D020207000000,,,,,,,Ekor,,,,,,,,,,,,,0.00,,
,,,,,,,,,,,,,,,,,,,,,,,
,,,Jumlah Barang Dalam Negeri,,,,,Ton,"131,578.80","101,822.48","86,217.00","126,995.13","140,188.00",0.00,0.00,0.00,0.00,0.00,0.00,0.00,"586,801.41",,
,,,,,,,,M3,911.00,"1,313.00",672.00,"1,464.00",0.00,0.00,0.00,0.00,0.00,0.00,0.00,0.00,"4,360.00",,
,,,,,,,,MMBTU,0.00,0.00,0.00,0.00,0.00,0.00,0.00,0.00,0.00,0.00,0.00,0.00,0.00,,
,,,,,,,,Unit,0.00,0.00,0.00,0.00,0.00,0.00,0.00,0.00,0.00,0.00,0.00,0.00,0.00,,
,,,,,,,,Ekor,0.00,0.00,0.00,0.00,0.00,0.00,0.00,0.00,0.00,0.00,0.00,0.00,0.00,,
,,,,,,,,,,,,,,,,,,,,,,,
,,Jumlah Barang Berdasarkan Kemasan,,,,,,Ton,"233,387.80","407,555.75","282,846.00","329,821.13","405,457.83",0.00,0.00,0.00,0.00,0.00,0.00,0.00,"1,659,068.51",,
,,,,,,,,M3,"62,776.00","23,676.00","88,806.00","1,464.00","14,772.00",0.00,0.00,0.00,0.00,0.00,0.00,0.00,"191,494.00",,
,,,,,,,,MMBTU,0.00,0.00,0.00,0.00,0.00,0.00,0.00,0.00,0.00,0.00,0.00,0.00,0.00,,
,,,,,,,,Unit,0.00,0.00,0.00,0.00,0.00,0.00,0.00,0.00,0.00,0.00,0.00,0.00,0.00,,
,,,,,,,,Ekor,0.00,0.00,0.00,0.00,0.00,0.00,0.00,0.00,0.00,0.00,0.00,0.00,0.00,,
,,,,,,,,,,,,,,,,,,,,,,,
4,,Arus Barang Nonpetikemas (Non Dermaga Umum),,,,,,,,,,,,,,,,,,,,,
,,,,,,,,,,,,,,,,,,,,,,,
,,No,Uraian,,,,,Satuan,2026,,,,,,,,,,,,,,
,,,,,,,,,,,,,,,,,,,,,,,
,,,,,,,,,Januari,Februari,Maret,April,Mei,Juni,Juli,Agustus,September,Oktober,November,Desember,Total,,
,,1,2,,,,,3,4,,,,,,,,,,,,5,,
,,,,,,,,,,,,,,,,,,,,,,,
,,1,LUAR NEGERI,,,,,,,,,,,,,,,,,,,,
,,,1,Impor,,,,,,,,,,,,,,,,,,,
,F010101000000,,,1,General Cargo,,,Ton,,,,,,,,,,,,,0.00,,
,F010101000000,,,,,,,M3,,,,,,,,,,,,,0.00,,
,F010102000000,,,2,Bag Cargo,,,Ton,,,,,,,,,,,,,0.00,,
,F010103000000,,,3,Curah Cair,,,Ton,,,,,,,,,,,,,0.00,,
,F010104000000,,,4,Curah Kering,,,Ton,,,,,,,,,,,,,0.00,,
,F010105000000,,,5,Gas,,,Ton,,,,,,,,,,,,,0.00,,
,F010105000000,,,,,,,MMBTU,,,,,,,,,,,,,0.00,,
,F010106000000,,,6,Kendaraan,,,Ton,,,,,,,,,,,,,0.00,,
,F010106000000,,,,,,,Unit,,,,,,,,,,,,,0.00,,
,F010107000000,,,7,Hewan,,,Ton,,,,,,,,,,,,,0.00,,
,F010107000000,,,,,,,Ekor,,,,,,,,,,,,,0.00,,
,,,,,,,,,,,,,,,,,,,,,,,
,,,2,Ekspor,,,,,,,,,,,,,,,,,,,
,F010201000000,,,1,General Cargo,,,Ton,,,,,,,,,,,,,0.00,,
,F010201000000,,,,,,,M3,,,,,,,,,,,,,0.00,,
,F010202000000,,,2,Bag Cargo,,,Ton,,,,,,,,,,,,,0.00,,
,F010203000000,,,3,Curah Cair,,,Ton,,,,,,,,,,,,,0.00,,
,F010204000000,,,4,Curah Kering,,,Ton,,,,,,,,,,,,,0.00,,
,F010205000000,,,5,Gas,,,Ton,,,,,,,,,,,,,0.00,,
,F010205000000,,,,,,,MMBTU,,,,,,,,,,,,,0.00,,
,F010206000000,,,6,Kendaraan,,,Ton,,,,,,,,,,,,,0.00,,
,F010206000000,,,,,,,Unit,,,,,,,,,,,,,0.00,,
,F010207000000,,,7,Hewan,,,Ton,,,,,,,,,,,,,0.00,,
,F010207000000,,,,,,,Ekor,,,,,,,,,,,,,0.00,,
,,,,,,,,,,,,,,,,,,,,,,,
,,,Jumlah Barang Luar Negeri,,,,,Ton,0.00,0.00,0.00,0.00,0.00,0.00,0.00,0.00,0.00,0.00,0.00,0.00,0.00,,
,,,,,,,,M3,0.00,0.00,0.00,0.00,0.00,0.00,0.00,0.00,0.00,0.00,0.00,0.00,0.00,,
,,,,,,,,MMBTU,0.00,0.00,0.00,0.00,0.00,0.00,0.00,0.00,0.00,0.00,0.00,0.00,0.00,,
,,,,,,,,Unit,0.00,0.00,0.00,0.00,0.00,0.00,0.00,0.00,0.00,0.00,0.00,0.00,0.00,,
,,,,,,,,Ekor,0.00,0.00,0.00,0.00,0.00,0.00,0.00,0.00,0.00,0.00,0.00,0.00,0.00,,
,,,,,,,,,,,,,,,,,,,,,,,
,,2,DALAM NEGERI,,,,,,,,,,,,,,,,,,,,
,,,1,Bongkar,,,,,,,,,,,,,,,,,,,
,F020101000000,,,1,General Cargo,,,Ton,,,,,,,,,,,,,0.00,,
,F020101000000,,,,,,,M3,,,,,,,,,,,,,0.00,,
,F020102000000,,,2,Bag Cargo,,,Ton,,,,,,,,,,,,,0.00,,
,F020103000000,,,3,Curah Cair,,,Ton,,,,,,,,,,,,,0.00,,
,F020104000000,,,4,Curah Kering,,,Ton,,,,,,,,,,,,,0.00,,
,F020105000000,,,5,Gas,,,Ton,,,,,,,,,,,,,0.00,,
,F020105000000,,,,,,,MMBTU,,,,,,,,,,,,,0.00,,
,F020106000000,,,6,Kendaraan,,,Ton,,,,,,,,,,,,,0.00,,
,F020106000000,,,,,,,Unit,,,,,,,,,,,,,0.00,,
,F020107000000,,,7,Hewan,,,Ton,,,,,,,,,,,,,0.00,,
,F020107000000,,,,,,,Ekor,,,,,,,,,,,,,0.00,,
,,,,,,,,,,,,,,,,,,,,,,,
,,,2,Muat,,,,,,,,,,,,,,,,,,,
,F020201000000,,,1,General Cargo,,,Ton,,,,,,,,,,,,,0.00,,
,F020201000000,,,,,,,M3,,,,,,,,,,,,,0.00,,
,F020202000000,,,2,Bag Cargo,,,Ton,,,,,,,,,,,,,0.00,,
,F020203000000,,,3,Curah Cair,,,Ton,,,,,,,,,,,,,0.00,,
,F020204000000,,,4,Curah Kering,,,Ton,,,,,,,,,,,,,0.00,,
,F020205000000,,,5,Gas,,,Ton,,,,,,,,,,,,,0.00,,
,F020205000000,,,,,,,MMBTU,,,,,,,,,,,,,0.00,,
,F020206000000,,,6,Kendaraan,,,Ton,,,,,,,,,,,,,0.00,,
,F020206000000,,,,,,,Unit,,,,,,,,,,,,,0.00,,
,F020207000000,,,7,Hewan,,,Ton,,,,,,,,,,,,,0.00,,
,F020207000000,,,,,,,Ekor,,,,,,,,,,,,,0.00,,
,,,,,,,,,,,,,,,,,,,,,,,
,,,Jumlah Barang Dalam Negeri,,,,,Ton,0.00,0.00,0.00,0.00,0.00,0.00,0.00,0.00,0.00,0.00,0.00,0.00,0.00,,
,,,,,,,,M3,0.00,0.00,0.00,0.00,0.00,0.00,0.00,0.00,0.00,0.00,0.00,0.00,0.00,,
,,,,,,,,MMBTU,0.00,0.00,0.00,0.00,0.00,0.00,0.00,0.00,0.00,0.00,0.00,0.00,0.00,,
,,,,,,,,Unit,0.00,0.00,0.00,0.00,0.00,0.00,0.00,0.00,0.00,0.00,0.00,0.00,0.00,,
,,,,,,,,Ekor,0.00,0.00,0.00,0.00,0.00,0.00,0.00,0.00,0.00,0.00,0.00,0.00,0.00,,
,,,,,,,,,,,,,,,,,,,,,,,
,,Jumlah Barang Berdasarkan Kemasan,,,,,,Ton,0.00,0.00,0.00,0.00,0.00,0.00,0.00,0.00,0.00,0.00,0.00,0.00,0.00,,
,,,,,,,,M3,0.00,0.00,0.00,0.00,0.00,0.00,0.00,0.00,0.00,0.00,0.00,0.00,0.00,,
,,,,,,,,MMBTU,0.00,0.00,0.00,0.00,0.00,0.00,0.00,0.00,0.00,0.00,0.00,0.00,0.00,,
,,,,,,,,Unit,0.00,0.00,0.00,0.00,0.00,0.00,0.00,0.00,0.00,0.00,0.00,0.00,0.00,,
,,,,,,,,Ekor,0.00,0.00,0.00,0.00,0.00,0.00,0.00,0.00,0.00,0.00,0.00,0.00,0.00,,
,,,,,,,,,,,,,,,,,,,,,,,
5,,Arus Penumpang,,,,,,,,,,,,,,,,,,,,,
,,,,,,,,,,,,,,,,,,,,,,,
,,No,Uraian,,,,,Satuan,2026,,,,,,,,,,,,,,
,,,,,,,,,,,,,,,,,,,,,,,
,,,,,,,,,Januari,Februari,Maret,April,Mei,Juni,Juli,Agustus,September,Oktober,November,Desember,Total,,
,,1,2,,,,,3,4,,,,,,,,,,,,5,,
,,,,,,,,,,,,,,,,,,,,,,,
,,1,LUAR NEGERI,,,,,,,,,,,,,,,,,,,,
,E010100000000,,1,Embarkasi,,,,Orang,,,,,,,,,,,,,0.00,,
,E010200000000,,2,Debarkasi,,,,Orang,,,,,,,,,,,,,0.00,,
,,,,,,,,,,,,,,,,,,,,,,,
,,,Jumlah arus penumpang luar negeri,,,,,Orang,0.00,0.00,0.00,0.00,0.00,0.00,0.00,0.00,0.00,0.00,0.00,0.00,0.00,,
,,,,,,,,,,,,,,,,,,,,,,,
,,2,DALAM NEGERI,,,,,,,,,,,,,,,,,,,,
,E020100000000,,1,Embarkasi,,,,Orang,,,"135,002.00",,,,,,,,,,"135,002.00",106.854,
,E020200000000,,2,Debarkasi,,,,Orang,,,255.00,,,,,,,,,,255.00,2063,
,,,,,,,,,,,,,,,,,,,,,,,
,,,Jumlah penumpang dalam negeri,,,,,Orang,0.00,0.00,"135,257.00",0.00,0.00,0.00,0.00,0.00,0.00,0.00,0.00,0.00,"135,257.00",,
,,,,,,,,,,,,,,,,,,,,,,,
,,Jumlah arus penumpang,,,,,,Orang,0.00,0.00,"135,257.00",0.00,0.00,0.00,0.00,0.00,0.00,0.00,0.00,0.00,"135,257.00",,
,,,,,,,,,,,,,,,,,,,,,,,
,,,,,,,,,,,,,,,,,,,,,,,
,,,,,,,,,,,,,,,,,,,,,,,
,,,,,,,,,,,,,,,,,,,,,,,
,,,,,,,,,,,,,,,,,,,,,,,
,,,,,,,,,,,,,,,,,,,,,,,
,,,,,,,,,,,,,,,,,,,,,,,
,,,,,,,,,,,,,,,,,,,,,,,
,,,,,,,,,,,,,,,,,,,,,,,
,,,,,,,,,,,,,,,,,,,,,,,
,,,,,,,,,,,,,,,,,,,,,,,
,,,,,,,,,,,,,,,,,,,,,,,
,,,,,,,,,,,,,,,,,,,,,,,
,,,,,,,,,,,,,,,,,,,,,,,
,,,,,,,,,,,,,,,,,,,,,,,
,,,,,,,,,,,,,,,,,,,,,,,
,,,,,,,,,,,,,,,,,,,,,,,
,,,,,,,,,,,,,,,,,,,,,,,
,,,,,,,,,,,,,,,,,,,,,,,
,,,,,,,,,,,,,,,,,,,,,,,
,,,,,,,,,,,,,,,,,,,,,,,
,,,,,,,,,,,,,,,,,,,,,,,
,,,,,,,,,,,,,,,,,,,,,,,
,,,,,,,,,,,,,,,,,,,,,,,
,,,,,,,,,,,,,,,,,,,,,,,
,,,,,,,,,,,,,,,,,,,,,,,
,,,,,,,,,,,,,,,,,,,,,,,
,,,,,,,,,,,,,,,,,,,,,,,
,,,,,,,,,,,,,,,,,,,,,,,
,,,,,,,,,,,,,,,,,,,,,,,
,,,,,,,,,,,,,,,,,,,,,,,
,,,,,,,,,,,,,,,,,,,,,,,
,,,,,,,,,,,,,,,,,,,,,,,
,,,,,,,,,,,,,,,,,,,,,,,
,,,,,,,,,,,,,,,,,,,,,,,
,,,,,,,,,,,,,,,,,,,,,,,
,,,,,,,,,,,,,,,,,,,,,,,
,,,,,,,,,,,,,,,,,,,,,,,
,,,,,,,,,,,,,,,,,,,,,,,
,,,,,,,,,,,,,,,,,,,,,,,
,,,,,,,,,,,,,,,,,,,,,,,
,,,,,,,,,,,,,,,,,,,,,,,
,,,,,,,,,,,,,,,,,,,,,,,
,,,,,,,,,,,,,,,,,,,,,,,
,,,,,,,,,,,,,,,,,,,,,,,
,,,,,,,,,,,,,,,,,,,,,,,
,,,,,,,,,,,,,,,,,,,,,,,
,,,,,,,,,,,,,,,,,,,,,,,
,,,,,,,,,,,,,,,,,,,,,,,
,,,,,,,,,,,,,,,,,,,,,,,
,,,,,,,,,,,,,,,,,,,,,,,
,,,,,,,,,,,,,,,,,,,,,,,
,,,,,,,,,,,,,,,,,,,,,,,
,,,,,,,,,,,,130.00,137,,,,,,,,,,
,,,,,,,,,,,,"1,068,034.00",1121436,,,,,,,,,,