,,,,,,,,,,,,,,,,,,,,,,
,,TAHUN (YYYY) : ,,,,,2026,,,,,,,,,,,,,,,
,,,,,,,,,,,,,,,,,,,,,,
,002,REGIONAL : ,,,,,Regional.2,,,,,,,,,,,,,,,
,RegP2,,,,,,,,,,,,,,,,,,,,,
,38,CABANG / TERMINAL : ,,,,,Banten,,,,,,,,,,,,,,,
,,,,,,,,,,,,,,,,,,,,,,
1,,Kinerja Pelayanan Kapal,,,,,,,,,,,,,,,,,,,,
,,,,,,,,,,,,,,,,,,,,,,
,Bulan,,,,,,,,1,2,3,4,5,6,7,8,9,10,11,12,,
,,,,,,,,,,,,,,,,,,,,,,
,,No,Uraian,,,,,Satuan,2026,,,,,,,,,,,,,
,,,,,,,,,,,,,,,,,,,,,,
,,,,,,,,,Januari,Februari,Maret,April,Mei,Juni,Juli,Agustus,September,Oktober,November,Desember,Total,
,,1,2,,,,,3,4,,,,,,,,,,,,5,
,,,,,,,,,,,,,,,,,,,,,,
,,1,LUAR NEGERI,,,,,,,,,,,,,,,,,,,
,E110100000000,,1,Waiting Time (WT) for Pilot,,,,Jam,0.00,0.00,0.01,0.01,0.01,,,,,,,,0.01,
,E110200000000,,2,Waiting for Berth,,,,Jam,,,,,,,,,,,,,,
,E110300000000,,3,Postpone Time (PT),,,,Jam,,,,,,,,,,,,,,
,E110400000000,,4,Approach Time (AT),,,,Jam,0.75,0.77,0.75,0.79,0.69,,,,,,,,0.75,
,E110500000000,,5,Turn Round Time (TRT),,,,Jam,,,,,,,,,,,,,,
,,,,,,,,,,,,,,,,,,,,,,
,,2,DALAM NEGERI,,,,,,,,,,,,,,,,,,,
,E120100000000,,1,Waiting Time (WT) for Pilot,,,,Jam,0.15,0.05,0.04,0.01,0.01,,,,,,,,0.05,
,E120200000000,,2,Waiting for Berth,,,,Jam,,,,,,,,,,,,,,
,E120300000000,,3,Postpone Time (PT),,,,Jam,,,,,,,,,,,,,,
,E120400000000,,4,Approach Time (AT),,,,Jam,0.50,0.53,0.48,0.49,0.53,,,,,,,,0.51,
,E120500000000,,5,Turn Round Time (TRT),,,,Jam,,,,,,,,,,,,,,
,,,,,,,,,,,,,,,,,,,,,,
,,3,KONSOLIDASI,,,,,,,,,,,,,,,,,,,
,E130100000000,,1,Waiting Time (WT) for Pilot,,,,Jam,0.07,0.03,0.03,0.01,0.00,,,,,,,,0.03,
,E130200000000,,2,Waiting for Berth,,,,Jam,,,,,,,,,,,,,,
,E130300000000,,3,Postpone Time (PT),,,,Jam,,,,,,,,,,,,,,
,E130400000000,,4,Approach Time (AT),,,,Jam,0.62,0.65,0.62,0.64,0.61,,,,,,,,0.63,
,E130500000000,,5,Turn Round Time (TRT),,,,Jam,,,,,,,,,,,,,,
,,,,,,,,,,,,,,,,,,,,,,
,,4,KINERJA PELAYANAN DI DUKS / TUKS,,,,,,,,,,,,,,,,,,,
,E140100000000,,1,Waiting Time (WT) for Pilot,,,,Jam,0.20,0.06,0.03,0.01,0.03,,,,,,,,0.07,
,E140200000000,,2,Waiting for Berth,,,,Jam,,,,,,,,,,,,,,
,E140300000000,,3,Postpone Time (PT),,,,Jam,,,,,,,,,,,,,,
,E140400000000,,4,Approach Time (AT),,,,Jam,0.73,0.71,0.70,0.69,0.68,,,,,,,,0.70,
,E140500000000,,5,Turn Round Time (TRT),,,,Jam,,,,,,,,,,,,,,
,,,,,,,,,,,,,,,,,,,,,,
2,,Kinerja Pelayanan Tambatan,,,,,,,,,,,,,,,,,,,,
,,,,,,,,,,,,,,,,,,,,,,
,,No,Uraian,,,,,Satuan,2026,,,,,,,,,,,,,
,,,,,,,,,,,,,,,,,,,,,,
,,,,,,,,,Januari,Februari,Maret,April,Mei,Juni,Juli,Agustus,September,Oktober,November,Desember,Total,
,,1,2,,,,,3,4,,,,,,,,,,,,5,
,,,,,,,,,,,,,,,,,,,,,,
,,1,LUAR NEGERI,,,,,,,,,,,,,,,,,,,
,,,1,Terminal Petikemas,,,,,,,,,,,,,,,,,,
,F110101000000,,,1,Berthing Time (BT),,,Jam,,,,,,,,,,,,,,
,F110102000000,,,2,Berth Working Time (BWT),,,Jam,,,,,,,,,,,,,,
,F110103000000,,,3,Effective Time (ET),,,Jam,,,,,,,,,,,,,,
,F110104000000,,,4,Idle Time (IT),,,Jam,,,,,,,,,,,,,,
,F110105000000,,,5,Not Operation Time (NOT),,,Jam,,,,,,,,,,,,,,
,F110106000000,,,6,ET / BT,,,%,,,,,,,,,,,,,,
,,,,,,,,,,,,,,,,,,,,,,
,,,2,Terminal Multipurpose,,,,,,,,,,,,,,,,,,
,F110201000000,,,1,Berthing Time (BT),,,Jam,133.64,98.23,158.92,88.43,92.25,,,,,,,,114.29,
,F110202000000,,,2,Berth Working Time (BWT),,,Jam,121.19,83.32,151.05,82.86,86.37,,,,,,,,104.96,
,F110203000000,,,3,Effective Time (ET),,,Jam,59.99,54.13,84.26,62.24,51.72,,,,,,,,62.47,
,F110204000000,,,4,Idle Time (IT),,,Jam,27.18,14.55,13.53,7.97,12.51,,,,,,,,15.15,
,F110205000000,,,5,Not Operation Time (NOT),,,Jam,41.65,36.19,57.36,28.62,34.85,,,,,,,,39.73,
,F110206000000,,,6,ET / BT,,,%,54.01,60.02,52.84,62.32,58.48,,,,,,,,57.53,
,,,,,,,,,,,,,,,,,,,,,,
,,,3,Terminal Curah Cair,,,,,,,,,,,,,,,,,,
,F110301000000,,,1,Berthing Time (BT),,,Jam,20.00,16.00,21.00,24.00,12.00,,,,,,,,18.60,
,F110302000000,,,2,Berth Working Time (BWT),,,Jam,15.76,8.96,15.85,18.40,5.97,,,,,,,,12.99,
,F110303000000,,,3,Effective Time (ET),,,Jam,15.74,8.95,15.84,18.38,5.97,,,,,,,,12.98,
,F110304000000,,,4,Idle Time (IT),,,Jam,0.00,0.00,0.00,0.16,0.00,,,,,,,,0.03,
,F110305000000,,,5,Not Operation Time (NOT),,,Jam,4.54,6.98,5.31,5.78,5.87,,,,,,,,5.70,
,F110306000000,,,6,ET / BT,,,%,69.49,53.24,68.50,66.74,48.80,,,,,,,,61.35,
,,,,,,,,,,,,,,,,,,,,,,
,,,4,Terminal Curah Kering,,,,,,,,,,,,,,,,,,
,F110401000000,,,1,Berthing Time (BT),,,Jam,92.92,115.59,127.53,54.96,109.61,,,,,,,,100.12,
,F110402000000,,,2,Berth Working Time (BWT),,,Jam,75.17,106.10,117.11,49.50,102.73,,,,,,,,90.12,
,F110403000000,,,3,Effective Time (ET),,,Jam,57.74,56.23,70.17,36.35,71.75,,,,,,,,58.45,
,F110404000000,,,4,Idle Time (IT),,,Jam,9.96,39.69,23.76,3.28,13.59,,,,,,,,18.06,
,F110405000000,,,5,Not Operation Time (NOT),,,Jam,29.33,28.85,31.35,12.68,19.88,,,,,,,,24.42,
,F110406000000,,,6,ET / BT,,,%,62.14,50.49,54.90,65.32,66.04,,,,,,,,59.78,
,,,,,,,,,,,,,,,,,,,,,,
,,,5,Terminal Kendaraan,,,,,,,,,,,,,,,,,,
,F110501000000,,,1,Berthing Time (BT),,,Jam,,,,,,,,,,,,,,
,F110502000000,,,2,Berth Working Time (BWT),,,Jam,,,,,,,,,,,,,,
,F110503000000,,,3,Effective Time (ET),,,Jam,,,,,,,,,,,,,,
,F110504000000,,,4,Idle Time (IT),,,Jam,,,,,,,,,,,,,,
,F110505000000,,,5,Not Operation Time (NOT),,,Jam,,,,,,,,,,,,,,
,F110506000000,,,6,ET / BT,,,%,,,,,,,,,,,,,,
,,,,,,,,,,,,,,,,,,,,,,
,,2,DALAM NEGERI,,,,,,,,,,,,,,,,,,,
,,,1,Terminal Petikemas,,,,,,,,,,,,,,,,,,
,F120101000000,,,1,Berthing Time (BT),,,Jam,,,,,,,,,,,,,,
,F120102000000,,,2,Berth Working Time (BWT),,,Jam,,,,,,,,,,,,,,
,F120103000000,,,3,Effective Time (ET),,,Jam,,,,,,,,,,,,,,
,F120104000000,,,4,Idle Time (IT),,,Jam,,,,,,,,,,,,,,
,F120105000000,,,5,Not Operation Time (NOT),,,Jam,,,,,,,,,,,,,,
,F120106000000,,,6,ET / BT,,,%,,,,,,,,,,,,,,
,,,,,,,,,,,,,,,,,,,,,,
,,,2,Terminal Multipurpose,,,,,,,,,,,,,,,,,,
,F120201000000,,,1,Berthing Time (BT),,,Jam,59.35,66.96,76.28,68.36,61.39,,,,,,,,66.47,
,F120202000000,,,2,Berth Working Time (BWT),,,Jam,49.07,53.66,64.94,86.46,50.90,,,,,,,,61.01,
,F120203000000,,,3,Effective Time (ET),,,Jam,28.47,32.65,42.03,31.97,35.07,,,,,,,,34.04,
,F120204000000,,,4,Idle Time (IT),,,Jam,7.23,9.52,6.67,9.19,5.02,,,,,,,,7.53,
,F120205000000,,,5,Not Operation Time (NOT),,,Jam,23.60,25.68,27.53,24.44,27.07,,,,,,,,25.66,
,F120206000000,,,6,ET / BT,,,%,50.87,49.70,52.96,50.24,55.77,,,,,,,,51.91,58.648
,,,,,,,,,,,,,,,,,,,,,,
,,,3,Terminal Curah Cair,,,,,,,,,,,,,,,,,,
,F120301000000,,,1,Berthing Time (BT),,,Jam,33.00,35.00,33.00,34.00,41.00,,,,,,,,35.20,
,F120302000000,,,2,Berth Working Time (BWT),,,Jam,25.05,26.46,27.50,27.67,33.52,,,,,,,,28.04,
,F120303000000,,,3,Effective Time (ET),,,Jam,25.03,25.65,27.48,27.65,33.50,,,,,,,,27.86,
,F120304000000,,,4,Idle Time (IT),,,Jam,0.00,0.78,0.00,0.00,0.00,,,,,,,,0.16,
,F120305000000,,,5,Not Operation Time (NOT),,,Jam,7.92,8.52,5.77,6.45,7.04,,,,,,,,7.14,
,F120306000000,,,6,ET / BT,,,%,71.18,71.93,79.99,78.59,80.66,,,,,,,,76.47,
,,,,,,,,,,,,,,,,,,,,,,
,,,4,Terminal Curah Kering,,,,,,,,,,,,,,,,,,
,F120401000000,,,1,Berthing Time (BT),,,Jam,45.67,30.97,63.33,51.80,60.68,,,,,,,,50.49,
,F120402000000,,,2,Berth Working Time (BWT),,,Jam,32.96,23.11,57.92,39.43,53.33,,,,,,,,41.35,
,F120403000000,,,3,Effective Time (ET),,,Jam,18.94,13.68,17.01,31.47,28.25,,,,,,,,21.87,
,F120404000000,,,4,Idle Time (IT),,,Jam,10.95,7.33,32.12,3.00,10.97,,,,,,,,12.87,
,F120405000000,,,5,Not Operation Time (NOT),,,Jam,17.36,17.62,14.17,17.50,16.27,,,,,,,,16.58,
,F120406000000,,,6,ET / BT,,,%,48.75,47.96,26.86,64.62,49.64,,,,,,,,47.57,
,,,,,,,,,,,,,,,,,,,,,,
,,,5,Terminal Kendaraan,,,,,,,,,,,,,,,,,,
,F120501000000,,,1,Berthing Time (BT),,,Jam,,,,,,,,,,,,,,
,F120502000000,,,2,Berth Working Time (BWT),,,Jam,,,,,,,,,,,,,,
,F120503000000,,,3,Effective Time (ET),,,Jam,,,,,,,,,,,,,,
,F120504000000,,,4,Idle Time (IT),,,Jam,,,,,,,,,,,,,,
,F120505000000,,,5,Not Operation Time (NOT),,,Jam,,,,,,,,,,,,,,
,F120506000000,,,6,ET / BT,,,%,,,,,,,,,,,,,,
,,,,,,,,,,,,,,,,,,,,,,
,,3,KONSOLIDASI,,,,,,,,,,,,,,,,,,,
,,,1,Terminal Petikemas,,,,,,,,,,,,,,,,,,
,F130101000000,,,1,Berthing Time (BT),,,Jam,,,,,,,,,,,,,,
,F130102000000,,,2,Berth Working Time (BWT),,,Jam,,,,,,,,,,,,,,
,F130103000000,,,3,Effective Time (ET),,,Jam,,,,,,,,,,,,,,
,F130104000000,,,4,Idle Time (IT),,,Jam,,,,,,,,,,,,,,
,F130105000000,,,5,Not Operation Time (NOT),,,Jam,,,,,,,,,,,,,,
,F130106000000,,,6,ET / BT,,,%,,,,,,,,,,,,,,
,,,,,,,,,,,,,,,,,,,,,,
,,,2,Terminal Multipurpose,,,,,,,,,,,,,,,,,,
,F130201000000,,,1,Berthing Time (BT),,,Jam,73.28,79.12,108.06,73.37,70.39,,,,,,,,80.84,
,F130202000000,,,2,Berth Working Time (BWT),,,Jam,62.59,65.19,98.06,85.56,61.24,,,,,,,,74.53,
,F130203000000,,,3,Effective Time (ET),,,Jam,34.38,41.00,58.27,39.53,39.93,,,,,,,,42.62,
,F130204000000,,,4,Idle Time (IT),,,Jam,10.97,11.47,9.30,8.89,7.20,,,,,,,,9.57,
,F130205000000,,,5,Not Operation Time (NOT),,,Jam,26.98,29.77,39.01,25.48,29.34,,,,,,,,30.12,
,F130206000000,,,6,ET / BT,,,%,51.46,53.71,52.92,53.26,56.56,,,,,,,,53.58,
,,,,,,,,,,,,,,,,,,,,,,
,,,3,Terminal Curah Cair,,,,,,,,,,,,,,,,,,
,F130301000000,,,1,Berthing Time (BT),,,Jam,28.75,26.52,29.24,29.70,22.61,,,,,,,,27.36,
,F130302000000,,,2,Berth Working Time (BWT),,,Jam,21.95,18.68,23.62,23.55,16.30,,,,,,,,20.82,
,F130303000000,,,3,Effective Time (ET),,,Jam,21.94,18.23,23.60,23.53,16.29,,,,,,,,20.72,
,F130304000000,,,4,Idle Time (IT),,,Jam,0.00,0.43,0.00,0.07,0.00,,,,,,,,0.10,
,F130305000000,,,5,Not Operation Time (NOT),,,Jam,6.80,7.84,5.62,6.15,6.31,,,,,,,,6.54,
,F130306000000,,,6,ET / BT,,,%,70.62,63.62,76.16,73.32,60.74,,,,,,,,68.89,
,,,,,,,,,,,,,,,,,,,,,,
,,,4,Terminal Curah Kering,,,,,,,,,,,,,,,,,,
,F130401000000,,,1,Berthing Time (BT),,,Jam,61.42,90.21,111.48,53.20,75.73,,,,,,,,78.41,
,F130402000000,,,2,Berth Working Time (BWT),,,Jam,47.03,81.20,102.31,43.90,68.53,,,,,,,,68.59,
,F130403000000,,,3,Effective Time (ET),,,Jam,31.87,43.47,56.88,33.64,41.63,,,,,,,,41.50,
,F130404000000,,,4,Idle Time (IT),,,Jam,10.62,29.98,25.85,3.12,11.77,,,,,,,,16.27,
,F130405000000,,,5,Not Operation Time (NOT),,,Jam,21.35,25.48,27.05,15.36,17.38,,,,,,,,21.32,
,F130406000000,,,6,ET / BT,,,%,53.21,49.73,47.89,64.93,54.69,,,,,,,,54.09,
,,,,,,,,,,,,,,,,,,,,,,
,,,5,Terminal Kendaraan,,,,,,,,,,,,,,,,,,
,F130501000000,,,1,Berthing Time (BT),,,Jam,,,,,,,,,,,,,,
,F130502000000,,,2,Berth Working Time (BWT),,,Jam,,,,,,,,,,,,,,
,F130503000000,,,3,Effective Time (ET),,,Jam,,,,,,,,,,,,,,
,F130504000000,,,4,Idle Time (IT),,,Jam,,,,,,,,,,,,,,
,F130505000000,,,5,Not Operation Time (NOT),,,Jam,,,,,,,,,,,,,,
,F130506000000,,,6,ET / BT,,,%,,,,,,,,,,,,,,
,,,,,,,,,,,,,,,,,,,,,,
3,,Kinerja Pelayanan Petikemas,,,,,,,,,,,,,,,,,,,,
,,,,,,,,,,,,,,,,,,,,,,
,,No,Uraian,,,,,Satuan,2026,,,,,,,,,,,,,
,,,,,,,,,,,,,,,,,,,,,,
,,,,,,,,,Januari,Februari,Maret,April,Mei,Juni,Juli,Agustus,September,Oktober,November,Desember,Total,
,,1,2,,,,,3,4,,,,,,,,,,,,5,
,,,,,,,,,,,,,,,,,,,,,,
,,1,KINERJA OPERASI DERMAGA,,,,,,,,,,,,,,,,,,,
,,,1,Luar negeri,,,,,,,,,,,,,,,,,,
,,,,1,Bongkar muat per crane,,,,,,,,,,,,,,,,,
,B110101010000,,,,1,BCH (ET),,bph,,,,,,,,,,,,,,
,B110101020000,,,,2,BCH (BWT),,bph,,,,,,,,,,,,,,
,B110101030000,,,,3,BCH Gross / GCR (BT),,bph,,,,,,,,,,,,,,
,,,,2,Bongkar muat per kapal,,,,,,,,,,,,,,,,,
,B110102010000,,,,1,BSH (ET),,bph,,,,,,,,,,,,,,
,B110102020000,,,,2,BSH (BWT),,bph,,,,,,,,,,,,,,
,B110102030000,,,,3,BSH Gross / VOR (BT),,bph,,,,,,,,,,,,,,
,,,,,,,,,,,,,,,,,,,,,,
,,,2,Dalam negeri,,,,,,,,,,,,,,,,,,
,,,,1,Bongkar muat per crane,,,,,,,,,,,,,,,,,
,B110201010000,,,,1,BCH (ET),,bph,,,,,,,,,,,,,,
,B110201020000,,,,2,BCH (BWT),,bph,,,,,,,,,,,,,,
,B110201030000,,,,3,BCH Gross / GCR (BT),,bph,,,,,,,,,,,,,,
,,,,2,Bongkar muat per kapal,,,,,,,,,,,,,,,,,
,B110202010000,,,,1,BSH (ET),,bph,,,,,,,,,,,,,,
,B110202020000,,,,2,BSH (BWT),,bph,,,,,,,,,,,,,,
,B110202030000,,,,3,BSH Gross / VOR (BT),,bph,,,,,,,,,,,,,,
,,,,,,,,,,,,,,,,,,,,,,
,,,3,Kinerja non ship crane dalam negeri,,,,,,,,,,,,,,,,,,
,,,,1,Bongkar muat per crane,,,,,,,,,,,,,,,,,
,B110301010000,,,,1,BCH (ET),,bph,,,,,,,,,,,,,,
,B110301020000,,,,2,BCH (BWT),,bph,,,,,,,,,,,,,,
,B110301030000,,,,3,BCH Gross / GCR (BT),,bph,,,,,,,,,,,,,,
,,,,2,Bongkar muat per kapal,,,,,,,,,,,,,,,,,
,B110302010000,,,,1,BSH (ET),,bph,,,,,,,,,,,,,,
,B110302020000,,,,2,BSH (BWT),,bph,,,,,,,,,,,,,,
,B110302030000,,,,3,BSH Gross / VOR (BT),,bph,,,,,,,,,,,,,,
,,,,,,,,,,,,,,,,,,,,,,
,,2,KINERJA OPERASI LAPANGAN,,,,,,,,,,,,,,,,,,,
,,,1,Luar Negeri,,,,,,,,,,,,,,,,,,
,,,,1,Impor,,,,,,,,,,,,,,,,,
,B120101010000,,,,1,Dwelling Time,,hari,,,,,,,,,,,,,,
,B120101010100,,,,,1,Full,hari,,,,,,,,,,,,,,
,B120101010200,,,,,2,Empty,hari,,,,,,,,,,,,,,
,B120101020000,,,,2,External Truck Round Time,,menit,,,,,,,,,,,,,,
,B120101020100,,,,,1,Delivery Full,menit,,,,,,,,,,,,,,
,B120101020200,,,,,2,Delivery Empty,menit,,,,,,,,,,,,,,
,,,,2,Ekspor,,,,,,,,,,,,,,,,,
,B120102010000,,,,1,Dwelling Time,,hari,,,,,,,,,,,,,,
,B120102010100,,,,,1,Full,hari,,,,,,,,,,,,,,
,B120102010200,,,,,2,Empty,hari,,,,,,,,,,,,,,
,B120102020000,,,,2,External Truck Round Time,,menit,,,,,,,,,,,,,,
,B120102020100,,,,,1,Receiving Full,menit,,,,,,,,,,,,,,
,B120102020200,,,,,2,Receiving Empty,menit,,,,,,,,,,,,,,
,,,,,,,,,,,,,,,,,,,,,,
,B120103000000,,,Dwelling Time Rekap Luar Negeri,,,,hari,,,,,,,,,,,,,,
,B120104000000,,,External Truck Round Time Rekap Luar Negeri,,,,menit,,,,,,,,,,,,,,
,,,,,,,,,,,,,,,,,,,,,,
,,,2,Dalam Negeri,,,,,,,,,,,,,,,,,,
,,,,1,Bongkar,,,,,,,,,,,,,,,,,
,B120201010000,,,,1,Dwelling Time,,hari,,,,,,,,,,,,,,
,B120201010100,,,,,1,Full,hari,,,,,,,,,,,,,,
,B120201010200,,,,,2,Empty,hari,,,,,,,,,,,,,,
,B120201020000,,,,2,External Truck Round Time,,menit,,,,,,,,,,,,,,
,B120201020100,,,,,1,Delivery Full,menit,,,,,,,,,,,,,,
,B120201020200,,,,,2,Delivery Empty,menit,,,,,,,,,,,,,,
,,,,2,Muat,,,,,,,,,,,,,,,,,
,B120202010000,,,,1,Dwelling Time,,hari,,,,,,,,,,,,,,
,B120202010100,,,,,1,Full,hari,,,,,,,,,,,,,,
,B120202010200,,,,,2,Empty,hari,,,,,,,,,,,,,,
,B120202020000,,,,2,External Truck Round Time,,menit,,,,,,,,,,,,,,
,B120202020100,,,,,1,Receiving Full,menit,,,,,,,,,,,,,,
,B120202020200,,,,,2,Receiving Empty,menit,,,,,,,,,,,,,,
,,,,,,,,,,,,,,,,,,,,,,
,B120203000000,,,Dwelling Time Dalam Negeri,,,,hari,,,,,,,,,,,,,,
,B120204000000,,,External Truck Round Time Dalam Negeri,,,,menit,,,,,,,,,,,,,,
,,,,,,,,,,,,,,,,,,,,,,
,B120300000000,,Dwelling Time Konsolidasi,,,,,hari,,,,,,,,,,,,,,
,B120400000000,,External Truck Round Time Konsolidasi,,,,,menit,,,,,,,,,,,,,,
,,,,,,,,,,,,,,,,,,,,,,
4,,Kinerja Pelayanan Non Petikemas,,,,,,,,,,,,,,,,,,,,
,,,,,,,,,,,,,,,,,,,,,,
,,No,Uraian,,,,,Satuan,2026,,,,,,,,,,,,,
,,,,,,,,,,,,,,,,,,,,,,
,,,,,,,,,Januari,Februari,Maret,April,Mei,Juni,Juli,Agustus,September,Oktober,November,Desember,Total,
,,1,2,,,,,3,4,,,,,,,,,,,,5,
,,,,,,,,,,,,,,,,,,,,,,
,,1,LUAR NEGERI,,,,,,,,,,,,,,,,,,,
,,,1,Terminal Multipurpose,,,,,,,,,,,,,,,,,,
,D110101000000,,,1,General Cargo,,,T/G/H,391.55,184.26,373.58,122.69,145.78,,,,,,,,243.57,
,D110101000000,,,,,,,T/S/D,"5,872.92","3,612.68","3,516.82","3,429.28","4,033.64",,,,,,,,"4,093.07",
,D110102000000,,,2,Bag Cargo,,,T/G/H,,,,,,,,,,,,,,
,D110102000000,,,,,,,T/S/D,,,,,,,,,,,,,,
,D110103000000,,,3,Curah Cair,,,T/G/H,178.04,,,286.46,435.31,,,,,,,,299.94,
,D110103000000,,,,,,,T/S/D,"1,608.00",,,"5,580.72","8,875.68",,,,,,,,"5,354.80",
,D110103010000,,,,1,Melalui truk,,T/G/H,,,,,,,,,,,,,,
,D110103010000,,,,,,,T/S/D,,,,,,,,,,,,,,
,D110103020000,,,,2,Melalui pipa,,T/G/H,,,,,,,,,,,,,,
,D110103020000,,,,,,,T/S/D,,,,,,,,,,,,,,
,D110104000000,,,4,Curah Kering,,,T/G/H,350.87,,,,,,,,,,,,350.87,
,D110104000000,,,,,,,T/S/D,"6,957.36",,,,,,,,,,,,"6,957.36",
,D110104010000,,,,1,Melalui truk,,T/G/H,,,,,,,,,,,,,,
,D110104010000,,,,,,,T/S/D,,,,,,,,,,,,,,
,D110104020000,,,,2,Melalui pipa,,T/G/H,,,,,,,,,,,,,,
,D110104020000,,,,,,,T/S/D,,,,,,,,,,,,,,
,D110104030000,,,,3,Melalui konveyor,,T/G/H,,,,,,,,,,,,,,
,D110104030000,,,,,,,T/S/D,,,,,,,,,,,,,,
,D110200000000,,2,Terminal Curah Cair,,,,T/G/H,175.27,167.77,329.95,284.92,227.23,,,,,,,,237.03,
,D110200000000,,,,,,,T/S/D,"2,991.50","2,349.90","3,737.28","3,157.23","2,511.89",,,,,,,,"2,949.56",
,D110201000000,,,,1,Melalui truk,,T/G/H,,,,,,,,,,,,,,
,D110201000000,,,,,,,T/S/D,,,,,,,,,,,,,,
,D110202000000,,,,2,Melalui pipa,,T/G/H,,,,,,,,,,,,,,
,D110202000000,,,,,,,T/S/D,,,,,,,,,,,,,,
,D110300000000,,3,Terminal Curah Kering,,,,T/G/H,328.72,196.21,301.14,136.78,245.61,,,,,,,,241.69,
,D110300000000,,,,,,,T/S/D,"7,054.20","6,640.15","8,254.48","6,884.88","8,921.82",,,,,,,,"7,551.11",
,D110301000000,,,,1,Melalui truk,,T/G/H,,,,,,,,,,,,,,
,D110301000000,,,,,,,T/S/D,,,,,,,,,,,,,,
,D110302000000,,,,2,Melalui pipa,,T/G/H,,,,,,,,,,,,,,
,D110302000000,,,,,,,T/S/D,,,,,,,,,,,,,,
,D110303000000,,,,3,Melalui konveyor,,T/G/H,,,,,,,,,,,,,,
,D110303000000,,,,,,,T/S/D,,,,,,,,,,,,,,
,D110400000000,,4,B/M Terminal Kendaraan,,,,U/G/H,,,,,,,,,,,,,,
,D110400000000,,,,,,,U/S/D,,,,,,,,,,,,,,
,,,,,,,,,,,,,,,,,,,,,,
,,2,DALAM NEGERI,,,,,,,,,,,,,,,,,,,
,,,1,Terminal Multipurpose,,,,,,,,,,,,,,,,,,
,D120101000000,,,1,General Cargo,,,T/G/H,133.81,96.45,38.54,39.64,311.82,,,,,,,,124.05,
,D120101000000,,,,,,,T/S/D,368.64,836.28,260.64,555.60,"1,415.95",,,,,,,,687.42,
,D120102000000,,,2,Bag Cargo,,,T/G/H,97.90,40.56,46.50,23.62,25.29,,,,,,,,46.77,
,D120102000000,,,,,,,T/S/D,908.40,571.32,714.00,233.28,400.32,,,,,,,,565.46,
,D120103000000,,,3,Curah Cair,,,T/G/H,,,,141.37,149.17,,,,,,,,145.27,
,D120103000000,,,,,,,T/S/D,,,,"1,726.32","2,511.76",,,,,,,,"2,119.04",
,D120103010000,,,,1,Melalui truk,,T/G/H,,,,,,,,,,,,,,
,D120103010000,,,,,,,T/S/D,,,,,,,,,,,,,,
,D120103020000,,,,2,Melalui pipa,,T/G/H,,,,,,,,,,,,,,
,D120103020000,,,,,,,T/S/D,,,,,,,,,,,,,,
,D120104000000,,,4,Curah Kering,,,T/G/H,368.47,248.89,162.39,214.21,198.91,,,,,,,,238.57,
,D120104000000,,,,,,,T/S/D,"3,856.89","3,438.44","2,526.12","2,848.29","2,694.48",,,,,,,,"3,072.84",
,D120104010000,,,,1,Melalui truk,,T/G/H,,,,,,,,,,,,,,
,D120104010000,,,,,,,T/S/D,,,,,,,,,,,,,,
,D120104020000,,,,2,Melalui pipa,,T/G/H,,,,,,,,,,,,,,
,D120104020000,,,,,,,T/S/D,,,,,,,,,,,,,,
,D120104030000,,,,3,Melalui konveyor,,T/G/H,,,,,,,,,,,,,,
,D120104030000,,,,,,,T/S/D,,,,,,,,,,,,,,
,D120200000000,,2,Terminal Curah Cair,,,,T/G/H,172.63,163.95,162.71,163.65,142.00,,,,,,,,160.99,
,D120200000000,,,,,,,T/S/D,"2,872.14","2,660.50","2,925.84","2,911.78","2,703.28",,,,,,,,"2,814.71",
,D120201000000,,,,1,Melalui truk,,T/G/H,,,,,,,,,,,,,,
,D120201000000,,,,,,,T/S/D,,,,,,,,,,,,,,
,D120202000000,,,,2,Melalui pipa,,T/G/H,,,,,,,,,,,,,,
,D120202000000,,,,,,,T/S/D,,,,,,,,,,,,,,
,D120300000000,,3,Terminal Curah Kering,,,,T/G/H,166.90,221.59,49.13,242.48,139.24,,,,,,,,163.87,
,D120300000000,,,,,,,T/S/D,915.72,"2,978.56",566.40,"2,867.76","2,096.77",,,,,,,,"1,885.04",
,D120301000000,,,,1,Melalui truk,,T/G/H,,,,,,,,,,,,,,
,D120301000000,,,,,,,T/S/D,,,,,,,,,,,,,,
,D120302000000,,,,2,Melalui pipa,,T/G/H,,,,,,,,,,,,,,
,D120302000000,,,,,,,T/S/D,,,,,,,,,,,,,,
,D120303000000,,,,3,Melalui konveyor,,T/G/H,,,,,,,,,,,,,,
,D120303000000,,,,,,,T/S/D,,,,,,,,,,,,,,
,D120400000000,,4,B/M Terminal Kendaraan,,,,U/G/H,,,,,,,,,,,,,,
,D120400000000,,,,,,,U/S/D,,,,,,,,,,,,,,
,,,,,,,,,,,,,,,,,,,,,,
,,3,KONSOLIDASI CABANG,,,,,,,,,,,,,,,,,,,
,,,1,Terminal Multipurpose,,,,,,,,,,,,,,,,,,
,D130101000000,,,1,General Cargo,,,T/G/H,262.68,140.36,809.95,81.16,221.25,,,,,,,,303.08,
,D130101000000,,,,,,,T/S/D,"3,120.78","2,224.48","1,888.73","1,992.44","2,843.78",,,,,,,,"2,414.04",
,D130102000000,,,2,Bag Cargo,,,T/G/H,97.90,40.56,46.50,23.62,25.29,,,,,,,,46.77,
,D130102000000,,,,,,,T/S/D,908.40,571.32,714.00,233.28,400.32,,,,,,,,565.46,
,D130103000000,,,3,Curah Cair,,,T/G/H,,,,213.92,220.71,,,,,,,,217.32,
,D130103000000,,,,,,,T/S/D,,,,"3,653.52","4,102.74",,,,,,,,"3,878.13",
,D130103010000,,,,1,Melalui truk,,T/G/H,,,,,,,,,,,,,,
,D130103010000,,,,,,,T/S/D,,,,,,,,,,,,,,
,D130103020000,,,,2,Melalui pipa,,T/G/H,,,,,,,,,,,,,,
,D130103020000,,,,,,,T/S/D,,,,,,,,,,,,,,
,D130104000000,,,4,Curah Kering,,,T/G/H,359.67,248.89,162.39,214.21,198.91,,,,,,,,236.81,
,D130104000000,,,,,,,T/S/D,"5,407.13","3,438.44","2,526.12","2,848.29","2,694.48",,,,,,,,"3,382.89",
,D130104010000,,,,1,Melalui truk,,T/G/H,,,,,,,,,,,,,,
,D130104010000,,,,,,,T/S/D,,,,,,,,,,,,,,
,D130104020000,,,,2,Melalui pipa,,T/G/H,,,,,,,,,,,,,,
,D130104020000,,,,,,,T/S/D,,,,,,,,,,,,,,
,D130104030000,,,,3,Melalui konveyor,,T/G/H,,,,,,,,,,,,,,
,D130104030000,,,,,,,T/S/D,,,,,,,,,,,,,,
,D130200000000,,2,Terminal Curah Cair,,,,T/G/H,173.95,165.86,246.33,224.29,"195,265.00",,,,,,,,"39,215.09",
,D130200000000,,,,,,,T/S/D,"2,931.82","2,505.20","3,331.56","3,034.50","2,583.66",,,,,,,,"2,877.35",
,D130201000000,,,,1,Melalui truk,,T/G/H,,,,,,,,,,,,,,
,D130201000000,,,,,,,T/S/D,,,,,,,,,,,,,,
,D130202000000,,,,2,Melalui pipa,,T/G/H,,,,,,,,,,,,,,
,D130202000000,,,,,,,T/S/D,,,,,,,,,,,,,,
,D130300000000,,3,Terminal Curah Kering,,,,T/G/H,247.81,208.90,175.13,189.63,171.97,,,,,,,,198.69,
,D130300000000,,,,,,,T/S/D,"3,984.96","4,809.35","4,410.44","4,876.32","4,196.79",,,,,,,,"4,455.57",
,D130301000000,,,,1,Melalui truk,,T/G/H,,,,,,,,,,,,,,
,D130301000000,,,,,,,T/S/D,,,,,,,,,,,,,,
,D130302000000,,,,2,Melalui pipa,,T/G/H,,,,,,,,,,,,,,
,D130302000000,,,,,,,T/S/D,,,,,,,,,,,,,,
,D130303000000,,,,3,Melalui konveyor,,T/G/H,,,,,,,,,,,,,,
,D130303000000,,,,,,,T/S/D,,,,,,,,,,,,,,
,D130400000000,,4,B/M Terminal Kendaraan,,,,U/G/H,,,,,,,,,,,,,,
,D130400000000,,,,,,,U/S/D,,,,,,,,,,,,,,